{
  "recall_at_10": 0.01711111111111111,
  "precision_at_10": 0.012000000000000002,
  "mrr": 0.05733333333333333,
  "num_topics_evaluated": 50
}